Latitude,Longitude,Crime Rate,Security Presence,Traffic Density,Lighting Quality,Zone Type
13.052558799946066,80.18002634116833,7,1,1,2,Safe Zone
12.966522883879362,80.20431132771208,6,1,2,3,Safe Zone
13.086921343591527,80.12881640731348,22,1,1,2,Danger Zone
12.972500882950767,80.2080125560944,16,1,2,1,Danger Zone
13.104045334927946,80.13628683264913,18,0,3,1,Danger Zone
13.106885498144406,80.25515951352938,6,0,1,3,Danger Zone
13.028686706192788,80.2640024277567,8,0,3,1,Danger Zone
13.111116081167204,80.12874419728583,9,1,2,3,Safe Zone
12.939176327785624,80.25323513584182,23,1,1,1,Danger Zone
12.9277955347158,80.28662357494635,16,1,1,2,Danger Zone
13.110518591043187,80.22006568238737,8,0,2,1,Danger Zone
13.046816119117876,80.23729072013013,4,0,3,1,Danger Zone
13.100423842595601,80.17892793912483,11,0,3,2,Danger Zone
13.143712047141392,80.25001062700079,27,0,1,1,Danger Zone
12.933881816413226,80.27105187251739,12,1,2,2,Safe Zone
12.993781732198427,80.2653948061507,6,0,2,2,Danger Zone
12.950157376192516,80.29051228745891,13,0,2,3,Danger Zone
13.097381089366708,80.18116263178146,11,1,3,2,Danger Zone
12.928662040609495,80.29675782801107,6,0,1,3,Danger Zone
13.189364462347948,80.24967896999975,2,1,2,2,Safe Zone
13.094569954560084,80.17495787926802,6,1,3,3,Danger Zone
12.945796763063022,80.14038040487513,18,1,2,1,Danger Zone
13.100228601925119,80.2362226288001,28,0,2,2,Danger Zone
13.098108083997884,80.22849826127121,19,1,1,2,Danger Zone
13.07729410312038,80.29380319385918,20,0,3,2,Danger Zone
13.192698225576462,80.25745004764529,6,1,3,2,Danger Zone
13.05004847333161,80.20032856908588,7,0,1,2,Danger Zone
12.982884108722478,80.16490721266169,8,1,1,3,Safe Zone
13.072570581938072,80.27779101035482,28,1,3,2,Danger Zone
13.175533709731917,80.22484631057429,1,0,1,2,Danger Zone
13.132586091069571,80.24141466445512,14,0,3,1,Danger Zone
13.050719008128322,80.20491256696246,28,0,1,3,Danger Zone
12.94045037214062,80.29084589310246,3,0,3,1,Danger Zone
12.921650964504819,80.23460915992291,12,0,2,1,Danger Zone
13.07876079219417,80.19073163905308,1,0,2,3,Danger Zone
13.164207706755738,80.18536883435115,1,0,3,1,Danger Zone
13.121333577543531,80.11639186653643,7,1,2,2,Safe Zone
13.0936886448962,80.25390865987188,24,1,2,3,Danger Zone
12.934525406802152,80.19864528186147,3,0,3,1,Danger Zone
13.119546587947506,80.10025484190996,24,0,2,2,Danger Zone
13.082260055732316,80.25430117511254,11,1,1,2,Safe Zone
13.056227506787673,80.2256225146999,7,0,1,1,Danger Zone
13.016372157365293,80.1328590965673,27,0,1,1,Danger Zone
13.036179452135837,80.24714201766868,17,0,3,3,Danger Zone
13.01678188417829,80.2634915266193,2,0,3,3,Danger Zone
13.093046822890622,80.22509747507173,2,1,1,2,Safe Zone
12.964974953001647,80.24235951114234,6,1,3,2,Danger Zone
13.061269427841575,80.15553338487949,28,1,1,3,Danger Zone
13.161961063504297,80.27633411877532,4,0,3,1,Danger Zone
13.009572570844425,80.2267019946567,7,0,1,1,Danger Zone
13.091953069391538,80.14893150653447,5,0,3,2,Danger Zone
12.96791132856602,80.16681288624189,20,1,1,3,Danger Zone
13.032315055621199,80.12668921704585,22,1,3,3,Danger Zone
12.900114126272117,80.18047050553622,20,0,3,3,Danger Zone
13.083453015408718,80.17204032134289,29,0,3,2,Danger Zone
12.937636292988175,80.17384016322787,11,0,3,1,Danger Zone
13.14622917180893,80.10476568734327,18,0,2,3,Danger Zone
13.114847829522128,80.27413938430097,28,1,2,3,Danger Zone
12.958680530525884,80.2227453938861,11,0,1,2,Danger Zone
13.153239666827512,80.26914473598256,6,1,1,1,Danger Zone
12.979974895294282,80.16357917259883,9,1,1,2,Safe Zone
12.953677013202698,80.24945546442729,22,1,2,3,Danger Zone
13.022039064058372,80.2444831007132,9,0,3,3,Danger Zone
13.195025390622092,80.1624410505551,8,0,3,2,Danger Zone
13.167804787848562,80.2827794666219,29,0,2,2,Danger Zone
13.186369912276794,80.1887911392956,28,0,3,3,Danger Zone
13.151251089460999,80.15037507266176,5,0,3,2,Danger Zone
13.11740391283522,80.24163685727959,28,0,3,1,Danger Zone
13.063153819971896,80.29898009849896,20,1,2,3,Danger Zone
13.139862857927467,80.13541650103679,13,1,2,2,Safe Zone
12.906939793062035,80.2515687339671,1,0,2,2,Danger Zone
13.134372833793698,80.10842609411527,15,1,2,1,Danger Zone
13.097449451230037,80.13770195658536,19,1,3,1,Danger Zone
12.952487226030902,80.26001131271748,13,0,2,2,Danger Zone
12.946838687066691,80.13696627943811,24,1,3,3,Danger Zone
13.024363624847524,80.25027495554201,21,0,3,1,Danger Zone
13.188319035400687,80.11989660673382,23,0,3,3,Danger Zone
13.13474934570127,80.19875086176935,24,1,3,1,Danger Zone
13.036808351090274,80.17795514125511,19,1,2,3,Danger Zone
12.96121984169555,80.10664501368284,23,1,1,3,Danger Zone
12.969198843292643,80.11229922935277,1,0,1,3,Danger Zone
13.087821145333393,80.13984553633207,8,1,1,3,Safe Zone
13.12333852232422,80.29110461260963,22,1,1,3,Danger Zone
13.074744542474294,80.23715691486139,20,0,2,1,Danger Zone
12.947438119468098,80.18654499325855,27,1,1,1,Danger Zone
13.16695061846984,80.12005632938592,20,1,3,2,Danger Zone
13.060126039804201,80.17647969762983,24,1,2,3,Danger Zone
13.005504470144094,80.16040354294866,18,1,2,3,Danger Zone
13.197340841243735,80.20712241585474,18,1,3,2,Danger Zone
13.0937000768933,80.29357297655031,4,0,1,3,Danger Zone
12.975642148451357,80.15708278653216,24,1,2,1,Danger Zone
13.092599427371429,80.26536856285593,27,0,2,3,Danger Zone
12.949274539782612,80.25176714179221,22,0,3,3,Danger Zone
13.138602160252125,80.14917847664799,9,0,3,2,Danger Zone
12.922458300623305,80.16998481976475,5,0,3,2,Danger Zone
13.056248353068565,80.18303997087935,29,0,2,2,Danger Zone
12.972273895864456,80.25112639670368,18,1,3,1,Danger Zone
13.105401091512702,80.12640059742037,16,1,2,1,Danger Zone
12.90546651923441,80.18970026049286,12,0,1,3,Danger Zone
13.049725359704347,80.11562227873324,2,0,3,1,Danger Zone
13.007845105105313,80.23611596850976,2,0,2,1,Danger Zone
12.917096500922955,80.25691509383736,10,1,2,3,Safe Zone
13.088019532043734,80.1438914979736,21,0,3,2,Danger Zone
13.083096605499165,80.2064525149877,25,1,2,3,Danger Zone
13.09398240893236,80.20492309874302,16,1,3,1,Danger Zone
13.198041116313718,80.18849323252999,3,0,1,2,Danger Zone
12.970775530710874,80.19738570374264,10,0,2,2,Danger Zone
13.083284465602825,80.22726908551482,19,0,3,3,Danger Zone
13.149933896798911,80.12406969828051,16,1,1,1,Danger Zone
13.130948902735586,80.2141954941856,12,0,1,3,Danger Zone
13.117099059743289,80.24792933006009,21,0,1,3,Danger Zone
13.054477713625335,80.26454953234722,18,0,3,1,Danger Zone
13.005338172257726,80.15286039550274,24,1,2,1,Danger Zone
13.118807672957116,80.25456641723676,26,1,1,2,Danger Zone
13.116314393131443,80.21255668892275,10,0,3,1,Danger Zone
13.045997411032843,80.21443682815085,10,1,2,2,Safe Zone
13.029652737494303,80.19667195425843,26,0,1,1,Danger Zone
12.968888783401855,80.24010450748621,17,0,2,3,Danger Zone
12.914157967549924,80.15134974940212,22,1,3,1,Danger Zone
13.151786491682124,80.17634003440224,25,0,3,3,Danger Zone
13.025290209753251,80.29125839429547,15,1,2,3,Safe Zone
13.115376873003028,80.11882449576989,20,0,3,3,Danger Zone
13.035274777219124,80.18613938654151,22,0,3,3,Danger Zone
13.149993391326914,80.23002996323395,18,1,1,1,Danger Zone
13.188302353998896,80.29918770111061,26,1,2,1,Danger Zone
13.001734898393838,80.2624626975773,4,0,1,1,Danger Zone
13.156690749506064,80.23654578046965,11,0,2,2,Danger Zone
13.048445174923359,80.21371764575558,17,0,1,1,Danger Zone
13.129830037622392,80.22541728142863,3,1,1,3,Safe Zone
13.054675371558682,80.1761927780399,22,0,2,1,Danger Zone
12.960249374016016,80.13603197801388,28,1,2,2,Danger Zone
12.993087121449136,80.11629737517866,1,0,2,1,Danger Zone
13.169539145767494,80.13378354768214,22,0,1,3,Danger Zone
12.919742250753348,80.12655455502588,9,1,1,1,Danger Zone
13.035452665635512,80.14440036096173,25,1,3,3,Danger Zone
13.01030029324506,80.14948654066335,4,1,2,3,Safe Zone
12.96315486794818,80.17877475319655,11,1,1,3,Safe Zone
13.166068018878308,80.28501057810284,22,0,2,1,Danger Zone
13.070266369501054,80.17180962270626,12,0,2,1,Danger Zone
13.019876692759281,80.11653775711858,16,0,3,1,Danger Zone
12.940946345186914,80.27012814720634,14,1,1,1,Danger Zone
13.178508776157873,80.23255266279342,17,1,1,3,Danger Zone
13.15465666675985,80.17321332383459,17,1,1,3,Danger Zone
13.072562429880325,80.29787931175927,10,1,2,3,Safe Zone
13.15282005389427,80.29299738008467,23,0,1,3,Danger Zone
13.07757489312778,80.18854534953346,20,1,2,3,Danger Zone
12.999660984652103,80.14861718499036,28,1,1,1,Danger Zone
13.11204656912485,80.29408962525946,23,0,2,3,Danger Zone
12.939921482674421,80.18973681198283,10,0,2,2,Danger Zone
13.00709488749265,80.28866659379148,4,0,1,1,Danger Zone
13.106280622744043,80.29105653375046,22,0,3,3,Danger Zone
13.092399652041275,80.26064781502514,12,1,1,1,Danger Zone
12.919120962590817,80.13984376724629,25,0,3,1,Danger Zone
12.933559818903873,80.27102170723467,9,0,3,2,Danger Zone
12.930755719315844,80.12498776636026,23,0,3,2,Danger Zone
12.911305018151609,80.18719779866004,20,1,2,2,Danger Zone
12.923716058944022,80.10685473708435,15,1,1,1,Danger Zone
13.014688003066118,80.22629395681867,20,1,3,2,Danger Zone
12.94501277194304,80.23663245784662,15,0,2,3,Danger Zone
13.010603945185842,80.14714376955595,27,1,2,1,Danger Zone
13.165082844738501,80.1109581185055,13,1,3,2,Danger Zone
13.020743147077322,80.2384727288817,16,0,2,1,Danger Zone
12.961254927862525,80.25482423581518,1,1,2,2,Safe Zone
13.190918663310308,80.28838044787207,5,0,2,1,Danger Zone
12.940678697881184,80.15806136674031,14,1,1,1,Danger Zone
12.9049280584806,80.16558937590918,5,0,2,3,Danger Zone
13.080118209116687,80.21043553087758,3,0,2,2,Danger Zone
13.146825580019335,80.16697447355689,14,1,1,2,Safe Zone
13.189084096161574,80.15299138562776,21,0,3,1,Danger Zone
13.175214377671068,80.14939189614906,1,0,2,1,Danger Zone
13.154466049774673,80.21139313258449,14,1,1,2,Safe Zone
13.004317342891493,80.16067623587867,4,1,3,2,Danger Zone
13.021117414607565,80.20612881286073,17,0,1,3,Danger Zone
12.911585630917797,80.18174421259182,1,1,2,2,Safe Zone
13.040730290523792,80.18506326825549,10,1,1,2,Safe Zone
13.056989262726505,80.20196509074793,24,0,3,1,Danger Zone
13.023494558131247,80.12545416080722,29,1,2,1,Danger Zone
12.907578501836355,80.28808139569874,26,0,2,1,Danger Zone
13.07613321841327,80.2885560578915,10,1,3,3,Danger Zone
13.18421959398657,80.26013844344112,21,1,2,3,Danger Zone
13.015170863921032,80.25383034791497,17,1,3,1,Danger Zone
12.938150396406737,80.25751517638963,25,1,3,1,Danger Zone
12.9470697795498,80.10754528070682,24,0,3,2,Danger Zone
13.166353345510515,80.23267731230897,16,0,1,3,Danger Zone
13.104176521752525,80.15884480219074,24,0,1,3,Danger Zone
13.011478892693557,80.19791389428833,17,1,2,1,Danger Zone
13.09530797447675,80.29846003225376,5,1,1,1,Danger Zone
13.113777617274373,80.18325187217319,2,1,1,3,Safe Zone
12.987367769734675,80.27138543819134,9,1,3,2,Danger Zone
12.958101855602491,80.10389176758368,7,1,1,1,Danger Zone
13.150710355430176,80.22115425887961,21,1,3,3,Danger Zone
13.034869582684728,80.28611798990524,4,1,3,3,Danger Zone
12.930196190094094,80.25369855424218,3,1,2,2,Safe Zone
13.04017172502115,80.29867621851093,10,1,2,2,Safe Zone
13.115928647065534,80.15763086518379,21,0,3,1,Danger Zone
12.932473472575019,80.29830485474541,29,0,2,2,Danger Zone
13.024744159966524,80.1793283002888,19,0,2,3,Danger Zone
12.923050392334162,80.26038249433779,8,1,1,1,Danger Zone
13.116754093144293,80.2942236532489,9,1,3,3,Danger Zone
13.035595001653219,80.1101738340505,29,1,1,2,Danger Zone
12.936127356837137,80.23792662563949,27,0,1,3,Danger Zone
13.136805432903602,80.22416345951402,1,0,3,2,Danger Zone
13.034940881873943,80.20679753077404,14,1,3,1,Danger Zone
13.16153132387995,80.10559229412937,26,1,1,1,Danger Zone
13.04459298911087,80.19281828387672,25,0,2,3,Danger Zone
12.961992778303237,80.26834209757737,21,0,3,2,Danger Zone
13.063086551937896,80.17527813825868,12,1,2,2,Safe Zone
13.017146423478827,80.16501792235698,17,1,3,2,Danger Zone
13.108556114860706,80.24665612713723,1,1,3,3,Danger Zone
12.941756534613647,80.15266227420936,24,1,3,1,Danger Zone
12.90394910196135,80.1186582980194,16,0,1,3,Danger Zone
13.104468420578687,80.16665966003639,22,1,1,3,Danger Zone
13.029584834252484,80.18845554839642,11,1,2,1,Danger Zone
12.915213930823965,80.22204011939974,15,1,1,2,Safe Zone
12.927188787429573,80.27331262915544,6,0,1,3,Danger Zone
13.063886886434771,80.21975323140038,3,1,2,2,Safe Zone
13.098999863901318,80.16793461282447,25,0,2,2,Danger Zone
13.07314707922319,80.12775580493168,26,1,2,3,Danger Zone
13.08907263104761,80.27005392040375,14,1,1,2,Safe Zone
12.964370850089727,80.1192058384736,17,1,3,3,Danger Zone
13.170925705645413,80.13294019259371,21,0,2,3,Danger Zone
13.085792570757183,80.26580832300549,22,1,2,2,Danger Zone
13.140494876036804,80.10315171172843,18,1,3,2,Danger Zone
13.0338375543547,80.27722557145425,27,0,1,1,Danger Zone
13.178292901985884,80.15895856820723,2,1,3,1,Danger Zone
13.06126366605445,80.19133972234523,10,1,1,2,Safe Zone
12.980436109869395,80.20329421110763,5,1,1,2,Safe Zone
13.102216968467943,80.19646143304642,6,0,2,1,Danger Zone
12.926009768608703,80.268868987393,23,1,1,2,Danger Zone
13.100344065341208,80.13093816270923,25,1,1,3,Danger Zone
12.928439552732709,80.17090005340161,16,1,3,1,Danger Zone
13.007940577609414,80.11130004711421,26,0,2,2,Danger Zone
12.932429452971704,80.12217545221863,10,0,3,3,Danger Zone
13.059649086885099,80.12672237732782,17,1,3,3,Danger Zone
12.901184052132784,80.18606471432201,13,0,2,1,Danger Zone
12.919430367511875,80.29844420458205,6,1,3,1,Danger Zone
12.914575878309488,80.1898731203013,18,1,3,3,Danger Zone
12.99089791029533,80.22663494466454,11,0,3,3,Danger Zone
13.163325084227937,80.19356384456512,20,0,2,2,Danger Zone
13.034514456159409,80.27572536663448,19,1,2,2,Danger Zone
12.977709487233906,80.15002519323974,9,0,1,2,Danger Zone
13.086624683127365,80.21840838770657,10,0,2,3,Danger Zone
13.064226761880906,80.13849239095659,12,0,1,1,Danger Zone
12.918598411425506,80.18759744971186,19,1,2,2,Danger Zone
12.968523249369337,80.13028981154159,22,0,3,2,Danger Zone
12.982940994215012,80.10083815435387,1,1,3,2,Danger Zone
12.944323542418793,80.14914088728924,13,0,3,3,Danger Zone
13.03272529531446,80.13112732714477,22,0,3,1,Danger Zone
13.040987300487858,80.18513134103632,1,0,2,2,Danger Zone
13.089881773842762,80.15216016964305,25,0,2,1,Danger Zone
12.995310551801918,80.19788081442786,27,0,1,3,Danger Zone
13.087192130123267,80.20072368785043,13,0,3,1,Danger Zone
13.042151648917999,80.1351068006793,19,1,1,3,Danger Zone
13.120581203918972,80.1104136175726,17,1,1,2,Danger Zone
13.163851103690398,80.1031373675284,8,1,2,3,Safe Zone
13.028021192622033,80.27256794935214,17,1,1,3,Danger Zone
12.905146570411837,80.18025810457945,11,0,1,1,Danger Zone
12.97520111982069,80.23491058060252,29,1,1,2,Danger Zone
13.03852941069907,80.16488574552237,10,0,1,1,Danger Zone
13.14411027700928,80.1318038477472,16,1,2,3,Danger Zone
13.126093859221895,80.17734084131457,11,0,2,1,Danger Zone
13.077717724170695,80.1276134560837,29,1,3,1,Danger Zone
12.948475321483878,80.29946386958066,12,1,2,1,Danger Zone
12.962748235226664,80.23742296327583,9,0,2,3,Danger Zone
13.004599024388915,80.21230294134568,25,0,2,1,Danger Zone
13.172890988907803,80.22369874670792,26,0,3,3,Danger Zone
12.930034206782867,80.10203434576768,20,0,2,2,Danger Zone
13.160420902018103,80.23305865250332,2,0,1,3,Danger Zone
12.947388620623745,80.19307816432283,21,0,3,1,Danger Zone
12.99916900541374,80.29336006164974,22,1,1,2,Danger Zone
13.129997067278985,80.19393008963219,10,0,1,2,Danger Zone
13.00425023449632,80.16354883786511,28,1,2,1,Danger Zone
13.115630404611897,80.25414751174948,7,1,1,3,Safe Zone
13.056450300035701,80.29142045344697,8,0,2,1,Danger Zone
13.018062622180294,80.14657559572221,26,1,3,1,Danger Zone
12.956271481756504,80.2099627112716,14,0,3,1,Danger Zone
13.188481176542531,80.10227688909382,17,0,3,2,Danger Zone
13.055561776648606,80.27488397255708,22,0,3,2,Danger Zone
13.173006321398368,80.29397370644284,19,1,3,1,Danger Zone
13.140606744178664,80.10281744976098,18,0,2,1,Danger Zone
13.067197645063423,80.14371657263088,28,1,1,1,Danger Zone
12.941884661486952,80.12727804342742,21,1,1,3,Danger Zone
12.901003334315146,80.19565399157327,17,1,2,2,Danger Zone
13.153916777847545,80.2384099132924,16,0,3,3,Danger Zone
12.9595982058609,80.26591520293607,27,0,3,2,Danger Zone
12.943111327622386,80.12649969494889,4,1,3,2,Danger Zone
13.136564028145786,80.13875908908172,8,0,1,3,Danger Zone
13.11028638830361,80.15097492416074,5,0,2,3,Danger Zone
13.109082644022331,80.16186450878529,18,0,2,1,Danger Zone
13.09391640775615,80.18791810768491,24,0,3,1,Danger Zone
13.128026187385819,80.21463650310416,1,1,2,2,Safe Zone
12.998470165614883,80.29017307260504,29,0,3,1,Danger Zone
13.1655618346028,80.24956516832397,24,0,2,1,Danger Zone
12.905827140902451,80.11429071002087,4,1,3,3,Danger Zone
13.128456225749636,80.14267900964914,14,0,2,3,Danger Zone
12.950079530553348,80.21372456668638,10,0,2,2,Danger Zone
12.949246822505614,80.18814793604382,6,0,1,2,Danger Zone
12.90129954684854,80.26099494286309,6,1,1,1,Danger Zone
13.152791959404317,80.10873801515491,6,1,2,3,Safe Zone
12.91928905912292,80.1715302789246,18,0,2,3,Danger Zone
12.92255666916291,80.16781475902032,17,0,1,1,Danger Zone
13.090808381966081,80.16850165702208,14,1,1,1,Danger Zone
13.146489037532719,80.26054576794361,22,0,1,1,Danger Zone
13.119413827981958,80.13655224680392,28,1,2,3,Danger Zone
12.973852653225526,80.25974942702474,22,1,1,3,Danger Zone
12.951882402625536,80.11130284211112,9,0,2,3,Danger Zone
13.123091953414987,80.19548224196282,6,0,1,3,Danger Zone
12.940335726452252,80.29615404901058,14,1,1,2,Safe Zone
12.929906772787573,80.14415294104506,13,0,2,1,Danger Zone
12.95478465233957,80.22370248201457,28,1,2,2,Danger Zone
12.93543452018985,80.14505750184885,14,0,1,3,Danger Zone
13.022320355738877,80.17934893270055,17,1,3,3,Danger Zone
13.049458377904452,80.17947841798707,25,0,2,3,Danger Zone
13.15965621134925,80.16854947548585,3,0,2,2,Danger Zone
12.954270265011365,80.14252039741639,8,0,1,2,Danger Zone
13.129629150837232,80.28363766725893,9,1,2,2,Safe Zone
13.17973956299177,80.25727708113243,17,0,3,1,Danger Zone
13.00246426454067,80.20303918569594,13,1,3,1,Danger Zone
13.188974656652157,80.22755006228343,22,0,1,3,Danger Zone
13.026414826109352,80.1777947037663,8,1,2,3,Safe Zone
12.988540582456325,80.27738395093822,15,0,3,3,Danger Zone
13.086784858841536,80.12726928761829,16,1,2,3,Danger Zone
13.006255634611462,80.22828324914009,4,1,2,2,Safe Zone
13.166960602207416,80.13085571021166,6,1,2,3,Safe Zone
13.02286820878966,80.18838748852329,10,0,1,1,Danger Zone
13.041592152536548,80.18177558240077,8,0,2,2,Danger Zone
13.164187851731452,80.27711753601191,26,0,2,3,Danger Zone
13.16827409814193,80.11065388023093,13,0,3,3,Danger Zone
13.141209534149633,80.14443359715868,8,0,3,2,Danger Zone
13.175326951703488,80.200593063293,2,0,2,1,Danger Zone
13.119268364096508,80.21712410619581,16,1,1,1,Danger Zone
12.913601747903144,80.21618177892965,13,0,1,2,Danger Zone
13.162629165485086,80.18719936231473,29,0,3,1,Danger Zone
13.153953736434339,80.2589272100851,21,0,1,3,Danger Zone
13.176461854636791,80.21112039014139,4,1,1,2,Safe Zone
12.986251094872964,80.15730705235973,16,1,3,1,Danger Zone
13.059609664497142,80.21038084977054,27,0,2,1,Danger Zone
12.951548245206743,80.19291830910021,10,0,2,3,Danger Zone
12.967318172689689,80.21937134209305,17,1,3,2,Danger Zone
12.981021677129107,80.18267553632799,20,1,1,2,Danger Zone
12.910656459146445,80.26094364759732,17,1,2,2,Danger Zone
12.915245521705135,80.24925900804627,2,1,3,2,Danger Zone
12.912118644705256,80.1735008616019,7,0,2,3,Danger Zone
13.13704253727002,80.16140186601606,12,0,1,3,Danger Zone
13.02585374623828,80.23034760123267,7,0,3,2,Danger Zone
13.194971777311187,80.20237711135844,3,1,1,1,Danger Zone
12.998677727942269,80.13670097964933,14,1,1,1,Danger Zone
13.148200820696195,80.18500339923952,14,1,3,1,Danger Zone
13.186368191616266,80.21518270065799,25,1,1,3,Danger Zone
12.918468157687125,80.17913374700733,29,0,2,2,Danger Zone
12.913449789010873,80.21199867646311,20,1,3,1,Danger Zone
12.95140232415761,80.29840430018614,10,1,2,2,Safe Zone
13.169619251146896,80.28047929596441,9,0,3,3,Danger Zone
13.08084412671994,80.24323172911255,15,1,3,3,Danger Zone
13.192730496211976,80.12579464471482,27,0,2,3,Danger Zone
13.08662579104335,80.10345087688924,2,1,3,2,Danger Zone
13.129937358609926,80.25238803375609,9,1,1,1,Danger Zone
13.071938357494835,80.19332920313687,8,1,3,1,Danger Zone
13.057555104259444,80.22294690822314,23,0,3,1,Danger Zone
13.149271614238152,80.2119652025857,12,0,2,3,Danger Zone
13.107135478991536,80.11918729965679,16,1,2,1,Danger Zone
13.015933349465643,80.13687312925566,18,1,3,3,Danger Zone
12.910762797053994,80.15672805095447,11,1,3,1,Danger Zone
13.194263102350087,80.11046097207095,2,0,3,2,Danger Zone
13.049588569692974,80.29277827276087,28,1,3,2,Danger Zone
13.155097807215238,80.10977435048362,7,1,1,3,Safe Zone
12.918953359504538,80.22140564130771,27,1,3,2,Danger Zone
13.066896997034323,80.21614045735899,21,1,3,2,Danger Zone
13.12107480772012,80.15474643067738,14,1,2,2,Safe Zone
13.167492543605634,80.15091271848992,13,0,1,3,Danger Zone
13.001851454104324,80.27045041249096,24,1,2,2,Danger Zone
13.008833855433265,80.23809123535173,13,1,3,3,Danger Zone
13.013899428372127,80.22352636090714,13,1,3,3,Danger Zone
13.028953523430395,80.2470932555047,3,0,3,1,Danger Zone
12.933118645794337,80.25096172950873,7,1,1,2,Safe Zone
12.975786950686011,80.18252725964449,18,1,2,3,Danger Zone
13.185419204862367,80.10280625158217,16,1,2,3,Danger Zone
12.946353364596595,80.27574560336444,4,1,1,2,Safe Zone
13.045977910656516,80.20285200274206,18,0,3,1,Danger Zone
13.055907367408741,80.27013666091574,15,1,2,1,Danger Zone
12.940480469724083,80.11288206875994,6,0,1,3,Danger Zone
12.966383323082729,80.10400573322978,18,0,3,3,Danger Zone
13.116329885012586,80.13548716311975,17,0,2,1,Danger Zone
12.98583262160382,80.27299092697241,11,1,3,3,Danger Zone
12.946061620226242,80.1994913269745,10,1,1,3,Safe Zone
13.170225799322381,80.2493054081342,16,0,2,3,Danger Zone
13.009602283473136,80.219087191402,26,0,3,2,Danger Zone
13.12799095881796,80.21136808459296,10,1,3,3,Danger Zone
13.176730915903045,80.1971690495208,13,1,2,1,Danger Zone
13.085741720733806,80.20626688892797,13,0,1,3,Danger Zone
12.97499721779017,80.21184221913725,21,1,3,2,Danger Zone
12.937895074015039,80.1285988569854,16,0,2,1,Danger Zone
13.070988856042362,80.23737806226366,29,1,2,2,Danger Zone
12.982588542032058,80.1417365186445,10,0,2,3,Danger Zone
13.10028061047444,80.20982887969194,25,0,3,2,Danger Zone
12.973654230108089,80.2708749414721,2,1,3,1,Danger Zone
12.9783254020235,80.28254498158647,2,0,1,2,Danger Zone
12.904049421789031,80.19286993828888,27,1,3,3,Danger Zone
13.021794515266635,80.26517422766061,20,1,3,3,Danger Zone
13.125376056762287,80.1381289525704,14,1,2,3,Safe Zone
12.935709284868365,80.20010854269971,23,1,3,2,Danger Zone
13.070348926938525,80.11228648143505,24,0,3,3,Danger Zone
13.062364747209212,80.12004169619377,9,1,3,3,Danger Zone
13.185018475814163,80.11273062367178,9,1,2,2,Safe Zone
13.061793113723278,80.27546785710429,3,1,2,2,Safe Zone
13.0946997830535,80.25689406980128,19,0,1,3,Danger Zone
12.946279060166644,80.29221900727346,17,0,1,3,Danger Zone
12.904870379052413,80.22345067207422,18,1,1,1,Danger Zone
12.935674180792349,80.15628520385593,2,1,2,3,Safe Zone
13.048079594221424,80.14717282845218,15,1,3,3,Danger Zone
13.10654587775784,80.19601481069198,25,1,1,2,Danger Zone
13.088406491762681,80.13799807078342,23,0,2,3,Danger Zone
13.028543475025975,80.24258020777931,13,0,3,3,Danger Zone
13.08790344010388,80.16948942044479,27,1,1,3,Danger Zone
13.19256583348404,80.21064542174192,8,0,3,1,Danger Zone
13.055929823354626,80.17773531523795,7,0,2,3,Danger Zone
13.191512184239114,80.23731951690536,10,1,2,3,Safe Zone
12.907663945594168,80.11571195181205,8,1,1,3,Safe Zone
13.05283109931434,80.1538380824187,12,0,2,3,Danger Zone
13.087770301145696,80.282794023374,7,1,3,1,Danger Zone
13.196080662809871,80.29075586034337,10,1,1,1,Danger Zone
13.08741713592798,80.27761745527856,18,1,1,1,Danger Zone
13.035568229389071,80.29942698620196,15,0,2,1,Danger Zone
13.077663476227988,80.27846593703194,13,1,3,1,Danger Zone
13.13186267534137,80.23364495221215,12,0,1,2,Danger Zone
13.079812115368444,80.13619222039037,15,1,2,2,Safe Zone
13.197400478800272,80.11185279975425,6,0,1,1,Danger Zone
12.949145816843288,80.25382008644563,21,1,3,3,Danger Zone
13.019457956935904,80.2381182207344,5,1,1,2,Safe Zone
13.135804048548259,80.18380965637078,19,1,1,1,Danger Zone
13.065246361768004,80.17525059020818,29,1,2,1,Danger Zone
13.036489799344706,80.13167029168683,27,0,3,2,Danger Zone
13.172304404976854,80.14512412373792,2,1,1,3,Safe Zone
13.05169217261484,80.14889003198773,18,1,1,2,Danger Zone
12.963155793384411,80.15617709966367,8,0,2,3,Danger Zone
13.043210312312274,80.15188587312782,1,1,1,2,Safe Zone
12.902169973564535,80.14322278548872,20,1,2,2,Danger Zone
13.180323272598052,80.27493388181723,2,0,1,3,Danger Zone
13.097520739308136,80.16069984654538,28,0,1,1,Danger Zone
13.032913688850321,80.15093444553827,15,1,3,3,Danger Zone
12.93044404791838,80.1503435556767,22,1,2,2,Danger Zone
13.155800277621777,80.13051688024073,16,1,3,3,Danger Zone
13.043551684451758,80.27709242953298,10,1,2,1,Danger Zone
12.904151543665897,80.14005908517743,24,1,1,2,Danger Zone
13.09262173661444,80.18227085872321,18,0,3,3,Danger Zone
13.07426714079707,80.28431452235462,5,1,1,3,Safe Zone
12.978128545219336,80.23841559245885,28,1,3,2,Danger Zone
12.999782220292417,80.1122863504189,7,0,3,2,Danger Zone
12.94327283303888,80.29298789846436,5,1,3,3,Danger Zone
13.09802431604148,80.15290971671523,19,1,2,2,Danger Zone
13.129185134992548,80.23395098202812,29,1,3,3,Danger Zone
12.951472758386512,80.25906498125472,18,0,2,2,Danger Zone
13.023047745963327,80.2295068927327,20,1,2,2,Danger Zone
13.12101945278401,80.2136796092383,24,0,3,3,Danger Zone
13.180405279084624,80.17086198321942,6,1,3,2,Danger Zone
13.1396921536979,80.27855491859123,8,1,1,3,Safe Zone
13.007136983105202,80.15157261922,11,1,3,1,Danger Zone
13.156962699622303,80.25617205344201,23,0,3,2,Danger Zone
12.970755308712722,80.15084840910349,20,0,2,3,Danger Zone
13.046202206466763,80.26275525033299,14,0,3,3,Danger Zone
13.18983139470096,80.22456286131789,2,0,2,3,Danger Zone
12.964332649131826,80.21970321932048,23,0,2,2,Danger Zone
13.000524266074862,80.2345315464471,27,1,1,3,Danger Zone
13.065736927993225,80.23819544629755,22,0,3,1,Danger Zone
12.922397038805574,80.15060875257065,4,1,1,2,Safe Zone
12.926153765248714,80.18973023724412,13,0,2,2,Danger Zone
13.055093024020794,80.27430352036123,17,0,2,3,Danger Zone
13.126062626967899,80.21124529338658,9,1,1,2,Safe Zone
12.916621832132972,80.22831176080365,20,0,1,3,Danger Zone
12.994665639264207,80.12823809812488,1,0,1,3,Danger Zone
13.172697817734058,80.17977856523558,21,1,2,2,Danger Zone
12.952356464080408,80.27130239187471,12,0,2,2,Danger Zone
12.932915993434221,80.21546614196662,15,0,3,3,Danger Zone
13.174670229550445,80.21226718213798,18,0,2,3,Danger Zone
13.103729457369402,80.15200971063206,25,1,1,1,Danger Zone
13.175675436269673,80.27163226438978,1,1,3,3,Danger Zone
13.188093515509413,80.16742214007876,7,1,3,3,Danger Zone
12.991434949959393,80.17898160293107,17,1,3,2,Danger Zone
13.089258959358435,80.23995584211853,23,0,1,3,Danger Zone
12.910790518535919,80.1185942829345,9,1,3,1,Danger Zone
13.138626485909162,80.14817820591465,15,1,2,3,Safe Zone
12.908034917669255,80.14805783224556,5,1,1,2,Safe Zone
13.052654933871231,80.12707471830804,17,1,3,1,Danger Zone
13.140814439203544,80.21498584476647,12,0,1,3,Danger Zone
13.123738600207066,80.15505018894086,4,0,3,3,Danger Zone
12.988279405789303,80.29725600724831,15,1,3,2,Danger Zone
13.105577496912614,80.1890056762737,13,1,3,1,Danger Zone
12.931617983978493,80.13458596913968,21,0,1,3,Danger Zone
12.987198791187737,80.23832830933394,7,1,3,2,Danger Zone
13.048056194121154,80.2498315654886,10,0,2,3,Danger Zone
13.10380047765051,80.1442719593791,26,0,2,1,Danger Zone
13.089683545849784,80.15355589082988,19,0,3,1,Danger Zone
13.054204644177581,80.1426101827357,2,0,2,2,Danger Zone
13.038498450428014,80.16525902039984,16,1,2,2,Danger Zone
13.154382103754072,80.25573899337616,1,0,2,2,Danger Zone
12.916665662125924,80.18772400456518,17,1,2,3,Danger Zone
13.103656826485905,80.1952008457544,21,0,1,2,Danger Zone
12.947854902140898,80.17170749251346,22,1,3,2,Danger Zone
13.108498360941873,80.22614548710123,8,1,2,3,Safe Zone
12.975307010651113,80.23451735474067,19,0,2,1,Danger Zone
12.920658708527338,80.18370696758058,2,0,1,2,Danger Zone
13.164161067123189,80.29961259096657,16,0,3,3,Danger Zone
12.979827246453857,80.11605874094265,27,0,1,1,Danger Zone
13.089250425520728,80.28571783749213,13,1,2,2,Safe Zone
13.095953246360663,80.20750649816188,10,0,2,1,Danger Zone
12.984105489718228,80.14166079518274,24,1,2,3,Danger Zone
12.949267483054694,80.14719408056749,23,1,1,3,Danger Zone
12.990921312936072,80.23576588708396,10,0,1,3,Danger Zone
12.943523401329156,80.20958868660607,17,1,1,1,Danger Zone
13.137632919754946,80.28502735205747,16,0,2,1,Danger Zone
12.9799631052056,80.14862049395117,26,1,2,1,Danger Zone
12.929448072265682,80.28811771336451,17,0,1,1,Danger Zone
13.092004122571131,80.2889088441389,15,0,2,1,Danger Zone
12.92979275890057,80.23731174046104,20,0,2,2,Danger Zone
13.146891580004716,80.19704808502365,21,0,1,2,Danger Zone
13.084239434786975,80.174668503107,10,0,2,3,Danger Zone
13.098466295484656,80.25171504230066,4,0,1,2,Danger Zone
13.109041975771545,80.12422364958074,20,1,2,1,Danger Zone
13.096996125809357,80.17895461646282,5,0,2,2,Danger Zone
12.914904932865104,80.12488865382512,16,0,2,3,Danger Zone
12.973643699211316,80.10276420836848,12,1,2,3,Safe Zone
13.137868752405426,80.18918474448283,2,0,3,3,Danger Zone
13.118577167109969,80.13474279134759,21,1,3,3,Danger Zone
12.916318421855278,80.28228012200267,6,0,3,1,Danger Zone
13.00252518320519,80.10706317564707,6,1,2,2,Safe Zone
13.121416907110174,80.2217259596464,6,0,3,1,Danger Zone
13.04315745359615,80.14608809922909,16,1,1,3,Danger Zone
12.970558280703107,80.15607844791873,9,1,3,1,Danger Zone
13.040164372534404,80.18624853139835,27,1,2,3,Danger Zone
13.15334615710652,80.29787530740819,11,1,2,3,Safe Zone
13.042115932434479,80.15020808526303,5,0,2,3,Danger Zone
13.003829960951604,80.1630175387217,5,1,2,1,Danger Zone
13.067822750616765,80.19573913466834,2,0,1,1,Danger Zone
13.034935747648314,80.26513482879355,10,0,2,2,Danger Zone
13.024631386190412,80.17426305900449,26,1,2,2,Danger Zone
13.101962292029107,80.1836627572104,7,0,1,1,Danger Zone
12.922115788807686,80.18288615003317,28,1,2,3,Danger Zone
13.030699570110272,80.1581268736561,21,1,2,2,Danger Zone
13.074325324428493,80.1612563748917,15,0,2,3,Danger Zone
13.08870462295353,80.25988943148461,6,0,1,3,Danger Zone
13.062380165694208,80.23225528878345,25,0,1,3,Danger Zone
12.942440897588511,80.14516066397822,2,0,1,1,Danger Zone
13.01836430366338,80.20870564845853,9,1,3,3,Danger Zone
13.146835438288813,80.28432796377021,21,1,1,3,Danger Zone
12.998527170378143,80.20447647255203,5,1,2,1,Danger Zone
13.012547242211893,80.2190907839799,19,1,1,3,Danger Zone
13.02887979918859,80.28752227350137,14,1,1,2,Safe Zone
13.005735567306303,80.2177087249397,13,1,1,1,Danger Zone
13.13146561321131,80.19961676798651,18,0,1,2,Danger Zone
12.918921627716609,80.26871675945769,16,1,2,1,Danger Zone
13.145348044837183,80.21622269043712,7,0,3,2,Danger Zone
12.960419439433583,80.1879426135459,2,1,3,1,Danger Zone
13.091935267056664,80.14052856439557,11,1,3,1,Danger Zone
13.117168272839054,80.29963873445026,7,0,3,1,Danger Zone
13.184221832209493,80.21988582746168,26,0,1,3,Danger Zone
13.029206048475338,80.18681588277548,6,0,1,2,Danger Zone
13.082460351329434,80.16738348471925,12,0,2,1,Danger Zone
13.089459144090837,80.2259750951044,9,1,1,3,Safe Zone
13.105986136745972,80.22138698000938,4,1,3,2,Danger Zone
13.039797925861594,80.29781574817999,9,0,3,3,Danger Zone
13.064732350968708,80.2872439068074,2,1,2,2,Safe Zone
12.981001712506703,80.25664201967972,7,0,1,2,Danger Zone
13.186920142491756,80.22588493976703,26,0,3,1,Danger Zone
13.165684469598638,80.12669155879293,12,1,2,1,Danger Zone
13.060672902956215,80.20901908550353,12,0,2,3,Danger Zone
13.030834138501255,80.15063201870714,27,1,1,3,Danger Zone
13.166904024201985,80.19808243201,15,0,2,2,Danger Zone
13.080226972138181,80.24350028264222,10,1,1,3,Safe Zone
13.069749311996501,80.25344141571212,28,0,3,1,Danger Zone
12.940964781156806,80.23432656300551,12,1,2,3,Safe Zone
13.024291252042488,80.29488726713836,13,1,1,2,Safe Zone
13.132852332789197,80.23705369391287,26,1,1,2,Danger Zone
13.025374336914345,80.13840317953682,7,0,2,2,Danger Zone
13.133033180139009,80.25826213943174,10,0,3,1,Danger Zone
12.920364499764048,80.28228163425948,7,1,1,3,Safe Zone
12.918996263576137,80.12584052863055,8,1,2,2,Safe Zone
13.087085634404135,80.12148913098748,14,1,2,2,Safe Zone
12.913528249852016,80.13011980685454,21,0,1,3,Danger Zone
13.12029911328707,80.26681801080419,12,0,3,1,Danger Zone
12.955102311760955,80.26820304576304,8,1,2,3,Safe Zone
13.182728899198953,80.19158151744433,19,0,3,3,Danger Zone
12.966600666032123,80.25956803564452,5,0,2,3,Danger Zone
12.936769439327943,80.23406655973247,13,0,1,3,Danger Zone
13.16367970324753,80.10960278531628,19,1,2,1,Danger Zone
13.183432678503058,80.29418016241688,17,0,1,1,Danger Zone
12.935803103387341,80.20492366842683,18,0,1,3,Danger Zone
12.905772110836692,80.20230359259904,2,0,1,2,Danger Zone
13.039594685743774,80.23125752708638,2,1,1,2,Safe Zone
12.913030291554659,80.17425799691648,23,1,2,1,Danger Zone
13.102438673925805,80.1389801813175,22,0,1,1,Danger Zone
13.071373211642117,80.10637886684138,3,0,3,3,Danger Zone
13.156925837128265,80.22772072965165,10,0,3,1,Danger Zone
13.117902143686523,80.27563453488317,5,0,1,3,Danger Zone
13.133435990476567,80.29423467357876,5,0,2,3,Danger Zone
13.065480343790579,80.24277539357475,23,0,1,3,Danger Zone
12.922596546693404,80.1559157360882,5,1,2,2,Safe Zone
13.012999813996343,80.22165862540395,18,0,2,3,Danger Zone
13.032414884659223,80.21140590111621,15,1,3,1,Danger Zone
13.114131177006792,80.1466320367243,25,0,2,2,Danger Zone
12.989287746211133,80.26634286700519,10,1,1,2,Safe Zone
12.926255857414883,80.29613394217934,12,0,2,3,Danger Zone
13.195048270843996,80.215898941452,6,0,2,1,Danger Zone
12.933892063637746,80.16464647478038,7,0,3,2,Danger Zone
12.924576027508554,80.11758219459296,10,0,3,3,Danger Zone
13.006191055127784,80.27147259834764,20,0,3,2,Danger Zone
13.097417445093136,80.22101207559675,16,0,1,2,Danger Zone
12.953796780717264,80.13129800064988,29,0,1,2,Danger Zone
13.127343668274358,80.29524517931603,16,0,1,2,Danger Zone
12.998069107280838,80.27828640875076,29,0,1,3,Danger Zone
13.156258650179177,80.294123299723,3,1,1,1,Danger Zone
12.954890447873352,80.1006002064376,25,0,3,3,Danger Zone
13.169505390852942,80.17037577352646,24,0,3,1,Danger Zone
13.196890235855781,80.24204666252125,13,0,3,2,Danger Zone
13.189122648568972,80.10800849956667,8,0,1,1,Danger Zone
12.932541769660004,80.10146853474716,14,1,1,2,Safe Zone
12.91495207746303,80.28402289505922,1,1,2,3,Safe Zone
13.053929072291876,80.21827318467601,8,1,1,1,Danger Zone
12.977545657945091,80.19299966062914,27,0,2,3,Danger Zone
12.961767618859744,80.1616262576869,29,0,1,1,Danger Zone
13.19768961802237,80.26481124800284,5,1,3,1,Danger Zone
13.142859632994085,80.26707366654841,24,0,3,1,Danger Zone
13.069488844544171,80.16993118026055,2,0,3,2,Danger Zone
13.196540297435908,80.16439080997196,8,1,1,2,Safe Zone
13.169225122235838,80.15117838734625,24,1,2,2,Danger Zone
13.0187008118929,80.23036897691698,27,0,1,2,Danger Zone
13.076694312979022,80.28981088867633,22,1,2,2,Danger Zone
12.920129352714717,80.17561934899803,6,0,3,2,Danger Zone
13.068867467600016,80.24779923377828,9,1,3,1,Danger Zone
13.086448901945976,80.13310302818951,16,1,2,3,Danger Zone
12.975028596933408,80.22025799420317,21,0,2,3,Danger Zone
13.058799083144862,80.27433118291908,1,0,2,2,Danger Zone
13.124759242616948,80.20755650033198,8,1,2,2,Safe Zone
12.976370592663205,80.10564838162601,26,0,1,2,Danger Zone
13.012181913781088,80.21220414108251,3,0,2,3,Danger Zone
12.966241600801363,80.24882519512592,7,1,3,2,Danger Zone
13.050248778686715,80.26181227892222,2,0,2,3,Danger Zone
12.908527099360365,80.10535058347607,13,1,1,1,Danger Zone
13.004123815650615,80.13294270442509,25,0,2,3,Danger Zone
12.94859276997563,80.28919349653498,10,1,3,1,Danger Zone
13.187398551291887,80.13617353144254,26,0,1,2,Danger Zone
12.93117664777232,80.287339734199,1,1,3,3,Danger Zone
12.901990426709629,80.10569015351248,9,1,1,2,Safe Zone
13.0289288985351,80.19275716546548,15,1,3,1,Danger Zone
13.050746236086008,80.21470142413357,3,0,1,1,Danger Zone
12.978027929624492,80.16014210573681,29,1,2,1,Danger Zone
13.006943721981463,80.24484490955346,4,0,2,2,Danger Zone
13.04336354113832,80.13343966861018,14,0,3,2,Danger Zone
13.050083642687564,80.21440698312901,3,0,3,3,Danger Zone
13.045388917333758,80.18735234441343,8,0,3,3,Danger Zone
13.104312888180054,80.22227183576435,9,1,3,2,Danger Zone
12.946553444329885,80.11556823296105,9,1,1,2,Safe Zone
12.957062057651118,80.21267442054014,10,1,1,3,Safe Zone
13.075280183214412,80.17185142892191,4,1,3,3,Danger Zone
12.91541781924523,80.20002738979296,26,0,1,2,Danger Zone
13.042756414415251,80.2191244060368,7,1,3,2,Danger Zone
13.022036482056675,80.21753545062926,8,1,1,2,Safe Zone
13.17119085748068,80.25070400320729,23,1,1,3,Danger Zone
13.10753253047479,80.19890888733035,4,1,2,1,Danger Zone
13.125051699331665,80.20683274228526,20,0,1,3,Danger Zone
13.006518130558037,80.2300542107188,26,0,3,1,Danger Zone
12.943254959001074,80.19093306346227,19,1,3,3,Danger Zone
13.0547457115504,80.13458256807239,12,0,3,1,Danger Zone
13.151764555073283,80.22037865441516,23,1,1,2,Danger Zone
12.91958555225687,80.26163815390927,25,0,3,3,Danger Zone
13.018101400976875,80.10141251838527,8,1,2,2,Safe Zone
12.928009813269064,80.15553113444928,2,0,2,2,Danger Zone
12.903355908401837,80.25023735306998,2,0,2,1,Danger Zone
12.908903766958858,80.28026202069515,11,0,1,1,Danger Zone
13.150790486361716,80.13633575007036,11,0,1,2,Danger Zone
13.128056812617958,80.20142891012314,19,0,1,2,Danger Zone
12.94676752118896,80.10362183181395,19,1,1,2,Danger Zone
13.130071160901132,80.1252246179686,25,0,2,2,Danger Zone
13.197127271118179,80.12009697536392,2,1,2,1,Danger Zone
12.960289031108868,80.18065283078553,9,1,1,2,Safe Zone
12.921644696575676,80.21371955147563,22,1,1,3,Danger Zone
12.912338631596432,80.19592213968379,18,0,2,3,Danger Zone
13.163438242337202,80.18018148365762,14,1,2,1,Danger Zone
13.062469291970805,80.240769320213,4,0,1,1,Danger Zone
12.987551900885702,80.24480837056792,22,0,3,3,Danger Zone
13.10912913617589,80.17978934470084,4,0,1,1,Danger Zone
12.953375736575754,80.13153869485085,14,0,1,1,Danger Zone
12.953544493688176,80.18552408239593,12,1,2,3,Safe Zone
13.068986111049213,80.21662274200605,12,1,3,3,Danger Zone
13.098650685917818,80.23965853647707,8,1,1,3,Safe Zone
13.148311458261617,80.12257066799238,3,1,3,2,Danger Zone
12.940586729303918,80.25470250075779,28,1,2,3,Danger Zone
12.958176070435098,80.20377063457492,17,0,3,3,Danger Zone
13.141676688295197,80.25707206218672,18,1,1,1,Danger Zone
13.074720771118256,80.25192446025956,19,0,1,3,Danger Zone
12.994837766783402,80.19017293399386,18,1,1,3,Danger Zone
13.041917272564474,80.14721428370547,15,1,3,3,Danger Zone
12.989385139516303,80.27936082510502,1,1,3,3,Danger Zone
13.094044549609167,80.1563022488083,9,1,2,1,Danger Zone
13.132442247163734,80.10808486843608,3,0,2,2,Danger Zone
13.06949538657296,80.27682276549179,25,1,1,3,Danger Zone
13.152848651185295,80.19213510079733,9,1,3,3,Danger Zone
13.103214882357607,80.16691941444665,11,1,2,3,Safe Zone
13.066320072676971,80.29547251648499,18,0,1,2,Danger Zone
13.062528464349274,80.11054955233831,17,1,2,1,Danger Zone
13.136204652045858,80.21247971772472,7,0,3,2,Danger Zone
13.14303844801629,80.16916481770521,28,1,2,1,Danger Zone
13.142013504005286,80.10130776331009,4,0,1,2,Danger Zone
13.052770933184998,80.16061426448374,1,0,3,3,Danger Zone
12.930729293167479,80.25412177831154,10,1,3,1,Danger Zone
13.110568904325984,80.29054382581512,23,0,2,1,Danger Zone
13.104379021307736,80.27160161804895,19,0,1,1,Danger Zone
12.939750295411587,80.24426771063548,20,1,1,1,Danger Zone
13.177706292401076,80.11911944120355,5,1,3,2,Danger Zone
12.970895109076805,80.22241109610712,10,0,1,3,Danger Zone
13.12987171639031,80.26502381513403,15,1,3,2,Danger Zone
13.086267893592247,80.14928352580253,28,1,1,3,Danger Zone
13.152401225022645,80.28282114466012,22,1,1,3,Danger Zone
12.957403231547799,80.26297570437997,14,1,3,2,Danger Zone
13.0980837683698,80.15355017555268,14,1,2,3,Safe Zone
12.912770085221364,80.11676491433627,2,1,2,2,Safe Zone
13.14252076457589,80.19036484944398,3,0,2,1,Danger Zone
13.073919989615266,80.10392035488849,11,1,1,2,Safe Zone
12.913074949529816,80.109866146981,21,1,2,1,Danger Zone
12.901248725874632,80.24246731046136,23,1,2,1,Danger Zone
13.041908979242027,80.2773770495024,24,0,3,2,Danger Zone
13.056240446804825,80.10146394948882,13,0,1,2,Danger Zone
13.129878940568897,80.23200288350864,14,0,2,2,Danger Zone
12.970047959918848,80.1735845036076,2,1,2,2,Safe Zone
13.04971586939882,80.26905303525933,27,0,2,1,Danger Zone
12.963310621001648,80.28051990260273,3,1,2,2,Safe Zone
12.986201880034544,80.29300722056442,15,1,2,1,Danger Zone
13.024615172189307,80.29780111322958,10,1,2,2,Safe Zone
13.036625200384691,80.18705298915825,19,0,1,3,Danger Zone
12.979042792352057,80.14154110752601,9,1,2,3,Safe Zone
13.081318474902181,80.10289140675631,9,0,1,2,Danger Zone
13.007234748672616,80.24352701501786,20,1,1,1,Danger Zone
13.001211188959855,80.1518829773141,5,1,3,3,Danger Zone
13.053860494379315,80.28529877415052,5,1,3,1,Danger Zone
13.058394582988809,80.20796043127655,7,1,3,1,Danger Zone
13.095266864443415,80.11914614570105,1,0,2,2,Danger Zone
13.172279760899796,80.13721290954359,21,0,2,2,Danger Zone
13.052994449324641,80.14891258630297,23,1,1,1,Danger Zone
13.143268012343624,80.1516885036582,25,1,3,3,Danger Zone
13.12635647516499,80.10926579536707,17,1,1,1,Danger Zone
13.003826892523598,80.1289964793483,11,0,3,3,Danger Zone
12.91722409794083,80.25519881400376,3,0,1,1,Danger Zone
12.980195988292452,80.26299704859055,20,1,2,2,Danger Zone
13.142377027210484,80.1407042672329,8,1,2,2,Safe Zone
12.945975489382331,80.15905136064242,17,0,3,2,Danger Zone
13.172825039529455,80.1360437242901,8,0,2,3,Danger Zone
13.0024695025271,80.22171759470804,27,1,1,3,Danger Zone
12.92468002051672,80.27680720365609,11,1,2,1,Danger Zone
13.149750870815685,80.1510672978978,8,1,1,3,Safe Zone
12.981367837550147,80.20148471125661,3,1,3,3,Danger Zone
13.163070179887402,80.2447369918056,24,1,2,3,Danger Zone
13.046417188196125,80.16229285275985,19,0,3,1,Danger Zone
12.980098192940652,80.1717378049582,12,1,3,3,Danger Zone
12.989353985739628,80.21410322969317,7,0,2,1,Danger Zone
13.002738620433401,80.1090876467332,27,1,1,3,Danger Zone
12.951547150840256,80.1465777104305,22,1,1,1,Danger Zone
13.11807556261164,80.15454093796205,5,0,2,2,Danger Zone
13.16353173894568,80.26865948618212,11,0,2,1,Danger Zone
13.161559739791002,80.133813181931,25,0,3,1,Danger Zone
13.15628785374481,80.12517773524813,1,0,2,3,Danger Zone
13.104241485583564,80.25700109119141,5,1,2,1,Danger Zone
12.933288254522477,80.29384193665456,19,1,2,3,Danger Zone
13.125176706551626,80.26353691874203,21,1,1,2,Danger Zone
12.964559514275722,80.1202004674984,18,0,2,2,Danger Zone
13.017532760593173,80.22911494178031,4,1,3,3,Danger Zone
12.92696479836777,80.24095917120681,7,0,3,1,Danger Zone
12.99192893843072,80.27670959588839,7,1,1,2,Safe Zone
13.166063082455947,80.19329430462925,9,0,2,1,Danger Zone
13.174775625676629,80.14076872785613,5,0,2,1,Danger Zone
13.092704873198803,80.24929268453351,11,1,3,2,Danger Zone
12.937534728322866,80.19860436078038,27,0,2,1,Danger Zone
13.071616782277799,80.19965709669158,14,1,3,2,Danger Zone
12.965231048070736,80.15903788362932,8,1,1,1,Danger Zone
13.02795437816475,80.24383373967315,3,1,1,3,Safe Zone
13.192131650643866,80.28674785217963,5,0,2,1,Danger Zone
13.196702698453183,80.2634012639394,15,0,2,1,Danger Zone
12.947877521853952,80.2086602647646,26,1,2,3,Danger Zone
13.192495418971635,80.28103045990954,24,1,1,3,Danger Zone
13.023501250027264,80.29715117649516,3,0,1,1,Danger Zone
13.031186741412554,80.1150601017337,21,1,2,3,Danger Zone
13.12321135562736,80.18012149875388,23,1,1,3,Danger Zone
13.175003038606393,80.18355927020411,15,0,3,1,Danger Zone
12.982860042432922,80.15674577450294,24,0,1,3,Danger Zone
12.962645050353732,80.24854401460182,6,1,2,3,Safe Zone
13.084298282946804,80.200336930028,19,1,3,1,Danger Zone
13.030260921198371,80.27428023979726,10,1,1,3,Safe Zone
13.046296486007309,80.10279710517237,19,0,1,1,Danger Zone
13.077368418938915,80.25458493121822,5,1,1,3,Safe Zone
12.96681040372784,80.18341923445794,24,0,2,3,Danger Zone
13.141015282624492,80.21548520035252,17,1,2,1,Danger Zone
12.905373143859471,80.23754604234772,24,0,1,3,Danger Zone
13.175451835284484,80.29164485855567,15,1,1,1,Danger Zone
12.978745468187352,80.26570667823185,20,0,3,3,Danger Zone
13.130330866085524,80.19371468730871,24,0,2,2,Danger Zone
12.984752861052494,80.14847862278052,2,0,2,2,Danger Zone
13.09171822064378,80.10547269947617,19,0,2,2,Danger Zone
12.979027733960901,80.29394278837606,18,0,1,1,Danger Zone
13.01555334214387,80.29224274160117,18,0,1,3,Danger Zone
12.948327677756813,80.12413307660042,11,0,1,2,Danger Zone
13.007549605685481,80.29639890232022,2,1,3,2,Danger Zone
13.185621312196773,80.27198237487718,18,0,1,3,Danger Zone
13.135740970365923,80.29648937662138,20,0,2,3,Danger Zone
13.023600160029817,80.26044926047268,8,1,1,1,Danger Zone
12.982369850945584,80.23122946926335,15,0,1,2,Danger Zone
13.087484562727925,80.13794572159941,7,0,1,1,Danger Zone
13.056199882432532,80.14675478971014,22,1,2,1,Danger Zone
13.188659748280504,80.2229345179954,29,0,2,1,Danger Zone
12.955224320106527,80.19145895746786,12,0,3,3,Danger Zone
13.110199884513753,80.14474535044904,6,0,2,2,Danger Zone
13.118835769983495,80.27073077097117,20,1,3,2,Danger Zone
13.0728638989463,80.19284013924688,1,0,1,2,Danger Zone
13.026336051352855,80.26594924365618,19,1,3,2,Danger Zone
13.101906923574981,80.18645225569891,19,0,1,2,Danger Zone
13.08527115597156,80.21884067800994,20,0,3,1,Danger Zone
13.088400599898927,80.29727622328284,16,1,1,3,Danger Zone
12.953578098591535,80.17931828464299,4,1,2,3,Safe Zone
12.939618694590134,80.20745195048968,26,0,2,3,Danger Zone
12.977314736481722,80.20903229023416,10,0,1,1,Danger Zone
13.09248447232862,80.11422394463543,7,1,1,3,Safe Zone
13.152729901880097,80.2115889671011,12,0,2,1,Danger Zone
13.08982248105018,80.29708401919997,16,1,3,3,Danger Zone
13.105879351213769,80.14907531131978,4,0,1,3,Danger Zone
12.970784989746388,80.1895235974608,13,1,1,2,Safe Zone
13.143180755790231,80.13826630283869,18,1,1,1,Danger Zone
13.006570807768572,80.290706399948,19,1,3,2,Danger Zone
13.089390442902697,80.20129116737908,17,0,3,2,Danger Zone
13.184914196854649,80.23697754192077,12,1,2,3,Safe Zone
13.118666978255614,80.10848728088145,27,1,2,2,Danger Zone
13.091104838671113,80.14194227936184,28,0,2,3,Danger Zone
13.161173437157313,80.22131424226527,26,0,3,3,Danger Zone
13.059568526826855,80.16979844212587,11,0,3,3,Danger Zone
13.184979833765674,80.1290148982763,26,1,1,1,Danger Zone
12.985435659892302,80.15966812321373,20,1,3,1,Danger Zone
12.974892293052022,80.11532991139002,23,0,3,3,Danger Zone
13.041650992936779,80.18175979599133,19,1,1,3,Danger Zone
13.119658240262615,80.29107704931404,8,0,3,2,Danger Zone
12.963693613109703,80.25898030280159,22,1,2,2,Danger Zone
12.986740701283788,80.15228238613359,11,1,2,1,Danger Zone
13.013238419311804,80.20759162708089,14,0,1,1,Danger Zone
12.964847960389452,80.21641069731243,28,1,2,1,Danger Zone
12.96577496282818,80.10941413502063,7,0,2,3,Danger Zone
12.997985721590412,80.12212967642597,3,0,2,3,Danger Zone
13.100759306807923,80.23406708590663,1,1,1,1,Danger Zone
13.028129454903626,80.16480251529885,17,0,3,1,Danger Zone
13.059796070527794,80.17013202625117,27,0,1,3,Danger Zone
13.175636334404158,80.26400303298959,8,0,2,1,Danger Zone
13.086202320382743,80.28120712024987,28,1,1,2,Danger Zone
12.901533377001257,80.26970986082074,28,0,2,3,Danger Zone
13.010195384132418,80.2490710406957,11,0,3,3,Danger Zone
13.034041911902287,80.1721423945914,1,1,2,3,Safe Zone
13.190316535349497,80.10344495772938,26,0,1,2,Danger Zone
13.097139697769364,80.16431484595493,17,0,2,3,Danger Zone
12.998050163637142,80.10805315020613,28,0,1,3,Danger Zone
13.080949747492067,80.16585387222091,9,1,1,1,Danger Zone
13.130473805485332,80.28881755328793,17,1,3,2,Danger Zone
12.989674295547793,80.11395874815423,23,1,2,1,Danger Zone
13.0514930255452,80.13238896584838,9,1,1,2,Safe Zone
13.187434268182505,80.25818546370722,8,1,1,3,Safe Zone
12.970262943517026,80.15903408488666,29,0,3,2,Danger Zone
13.111492809915733,80.18792940758544,21,1,1,2,Danger Zone
13.19279732751422,80.19539634886839,29,0,1,2,Danger Zone
13.041752225754431,80.16541618518784,20,1,2,1,Danger Zone
13.140509488963005,80.13073094061006,27,1,2,1,Danger Zone
13.073789189489954,80.14914361699796,16,1,3,1,Danger Zone
12.981171750547738,80.21878118522116,23,0,2,3,Danger Zone
13.002254392984135,80.16268430506602,13,0,2,1,Danger Zone
12.953988234520658,80.16650240868728,23,0,1,1,Danger Zone
12.952017488950224,80.11408817533164,1,1,2,1,Danger Zone
13.14416902640556,80.27912285620009,10,0,3,2,Danger Zone
13.064230023785509,80.10382430636544,7,0,3,3,Danger Zone
12.983948675240681,80.20492482537821,25,0,1,3,Danger Zone
13.179533522646123,80.26988800551025,2,0,1,2,Danger Zone
13.123332946119021,80.19364534290287,27,0,1,1,Danger Zone
13.051490237896346,80.16745072586225,19,1,3,3,Danger Zone
13.066629155028014,80.14888356557621,24,1,3,2,Danger Zone
12.950433475338558,80.22102274005128,15,0,2,2,Danger Zone
12.930496614151583,80.17832543948671,11,0,2,1,Danger Zone
12.960157382964834,80.18095540756484,1,0,3,1,Danger Zone
12.96141509467353,80.21062942931296,14,1,3,3,Danger Zone
13.040195078811902,80.15229722222142,4,1,2,2,Safe Zone
12.967114743202508,80.20036718290689,29,1,2,1,Danger Zone
13.005353042726563,80.28264431623438,27,0,2,2,Danger Zone
13.056443001913419,80.10509463657039,23,1,3,2,Danger Zone
13.051283008691678,80.23818594631203,19,0,2,2,Danger Zone
12.924800819017102,80.1881533340344,7,1,2,1,Danger Zone
12.922836734712249,80.24379154917771,28,1,3,3,Danger Zone
13.181801097507881,80.22101558130396,18,0,2,3,Danger Zone
12.944427512532068,80.27854616417437,5,0,1,3,Danger Zone
13.066921362611378,80.24957130008755,17,1,3,1,Danger Zone
12.962813937787168,80.12887633734631,7,1,3,3,Danger Zone
13.064678728508945,80.1011747232272,2,1,1,1,Danger Zone
12.997081959076493,80.15385132379446,5,1,1,3,Safe Zone
13.165362734493273,80.26598520105343,26,0,1,2,Danger Zone
12.94630269674246,80.18433982261925,26,1,3,1,Danger Zone
12.944060432554211,80.2151988349253,10,1,3,3,Danger Zone
13.127732048991176,80.27375391044477,9,0,1,3,Danger Zone
12.98357018183205,80.11608324872292,16,1,3,1,Danger Zone
12.993076710448573,80.1143652851614,1,1,3,3,Danger Zone
13.082850978527873,80.12110824013291,7,0,3,3,Danger Zone
12.914741318025492,80.11455805103967,25,0,3,1,Danger Zone
12.973323164753921,80.11919020483393,29,0,2,3,Danger Zone
13.181508794000615,80.26659622821239,8,0,1,3,Danger Zone
13.172159786241611,80.12917704523042,2,1,2,3,Safe Zone
12.978343402401629,80.2565811042453,6,1,1,2,Safe Zone
13.088889813147318,80.15802110745382,6,0,1,2,Danger Zone
13.071562155565477,80.13471270219713,9,0,1,1,Danger Zone
13.170898650999895,80.1401048038654,4,1,2,3,Safe Zone
13.180241877927353,80.12412825676358,12,0,1,1,Danger Zone
12.967791552645565,80.22646530795247,1,1,1,2,Safe Zone
13.128036705224282,80.22172842125217,19,1,2,3,Danger Zone
13.097769978608365,80.2705150437311,6,0,3,2,Danger Zone
12.94455981839441,80.1891966318789,16,0,1,2,Danger Zone
13.042840305155526,80.18585071651722,21,0,3,2,Danger Zone
13.196801826192461,80.27585806250444,7,1,3,3,Danger Zone
13.151254809441127,80.23922136947938,7,1,1,2,Safe Zone
13.078828863656634,80.18080689876291,12,1,3,2,Danger Zone
12.92837605790705,80.11729316339157,18,0,2,3,Danger Zone
13.007496758152872,80.20033683018806,3,0,2,1,Danger Zone
13.081340280362618,80.14114899717154,2,0,3,1,Danger Zone
13.1221887036135,80.2571469686692,27,1,2,3,Danger Zone
13.051380053254702,80.27012451956861,9,1,3,1,Danger Zone
12.989961216128211,80.17174999840499,29,1,1,1,Danger Zone
13.194083659313709,80.13686414563347,15,1,1,1,Danger Zone
13.173612758472338,80.1851555153533,4,0,2,1,Danger Zone
13.103204144891052,80.11313420291732,7,1,1,2,Safe Zone
13.133838767618018,80.29462080028773,29,1,2,2,Danger Zone
13.116310165877586,80.1511377878462,26,1,3,1,Danger Zone
13.063870482093003,80.15638709598869,15,1,3,3,Danger Zone
12.943554969588249,80.15870444457005,29,1,3,3,Danger Zone
13.02830834061271,80.13720234424035,20,1,3,1,Danger Zone
12.973665557772264,80.22567926139529,4,0,2,2,Danger Zone
13.15444824612243,80.15397596630558,8,1,1,3,Safe Zone
13.046869029500149,80.22987410314025,14,1,2,2,Safe Zone
13.021171442882483,80.1534888926177,10,0,1,3,Danger Zone
13.068741324891443,80.11071091106757,10,0,2,1,Danger Zone
13.014495374406891,80.10793862915929,12,1,1,3,Safe Zone
13.055963848865145,80.18296534059448,1,1,2,2,Safe Zone
12.978708733676246,80.17158550526145,28,0,3,2,Danger Zone
13.050111896896636,80.28567997382267,22,1,3,3,Danger Zone
12.945314410737865,80.21880835340832,14,0,1,3,Danger Zone
13.156001147446325,80.2736419688858,25,0,1,2,Danger Zone
13.02993443153512,80.15913227362691,13,1,1,1,Danger Zone
13.047306029142426,80.22447163588589,7,1,1,1,Danger Zone
13.020547392795581,80.1827543303114,23,0,3,1,Danger Zone
13.106263034668935,80.21308361723682,7,1,2,2,Safe Zone
13.040418665387142,80.2481231133919,21,1,3,2,Danger Zone
13.196092347147676,80.23426550422501,19,1,2,1,Danger Zone
13.08486800350173,80.22515957236345,1,1,2,1,Danger Zone
12.913901864186858,80.28297860111557,16,1,2,1,Danger Zone
12.999561177409193,80.23458386704958,1,1,1,3,Safe Zone
13.081881726594306,80.21364969329161,15,1,1,2,Safe Zone
13.08500176641083,80.27850733050886,2,0,2,3,Danger Zone
13.192494259517732,80.16199311000175,1,1,3,2,Danger Zone
13.107024645881719,80.2393007882699,10,1,3,2,Danger Zone
13.196531751502635,80.13293542377825,9,1,1,2,Safe Zone
12.975144794460029,80.1902229608744,1,0,2,2,Danger Zone
12.910203025907656,80.1102683748881,3,1,1,2,Safe Zone
13.16026909574374,80.11953334577657,10,1,3,1,Danger Zone
13.139486510460882,80.12197640438636,22,1,2,3,Danger Zone
12.920037987733231,80.17224763383157,11,0,3,2,Danger Zone
12.996457537767244,80.291975551817,15,1,3,1,Danger Zone
13.095979961562536,80.1263359944975,25,1,2,3,Danger Zone
13.083705322692893,80.13874555861864,27,0,2,3,Danger Zone
13.087332813415992,80.17234420084849,29,1,2,1,Danger Zone
13.027245410998917,80.26800860286095,19,1,1,2,Danger Zone
12.910195656151217,80.25427311968238,6,1,2,1,Danger Zone
13.090141646357019,80.13000889993471,7,1,2,3,Safe Zone
12.923647813812615,80.14649150830482,25,0,1,1,Danger Zone
13.141124996603667,80.12984355330471,1,1,1,3,Safe Zone
13.169023512044102,80.17598757091585,19,1,1,2,Danger Zone
13.044265003875935,80.13208216816099,26,1,3,1,Danger Zone
13.198451972370535,80.10820936669758,5,1,3,1,Danger Zone
13.061985888083186,80.20085647755339,26,1,1,1,Danger Zone
12.995026264998684,80.2929789481406,6,0,2,3,Danger Zone
13.154528262743474,80.12424981763266,29,1,1,1,Danger Zone
13.02269954216497,80.14399552947268,19,1,2,2,Danger Zone
13.146334904590493,80.2062676700172,13,1,1,3,Safe Zone
13.136620600166257,80.25539232828439,28,0,2,3,Danger Zone
13.135147502824333,80.2753658373875,16,1,1,2,Danger Zone
12.932244444411229,80.15060713517241,7,1,3,3,Danger Zone
13.062695779483166,80.24329576105434,1,1,2,3,Safe Zone
13.199690116379939,80.19074793799972,3,0,1,2,Danger Zone
13.016210966026936,80.20619782269678,26,0,1,3,Danger Zone
13.015048414206689,80.10549706511,2,0,1,1,Danger Zone
12.92339974679285,80.21260318042182,4,1,3,2,Danger Zone
12.975410553771859,80.2907574025044,11,1,1,2,Safe Zone
12.959674281311202,80.26077558910562,8,1,3,2,Danger Zone
13.043784454354675,80.27846123149286,15,0,1,3,Danger Zone
12.9686675127784,80.29029422478415,22,0,3,1,Danger Zone
13.052644213420137,80.29846233421289,17,1,1,3,Danger Zone
13.013227363886886,80.21615595083108,19,1,2,3,Danger Zone
12.981356861898403,80.20731279856537,29,0,1,2,Danger Zone
13.166290529063728,80.19180588559355,12,0,1,3,Danger Zone
12.916422335443354,80.1855866304786,16,1,3,2,Danger Zone
13.020131231250607,80.19926981089756,4,1,1,3,Safe Zone
13.188793806727231,80.1420498648966,21,0,1,1,Danger Zone
13.148353674053281,80.23049756818254,23,1,2,2,Danger Zone
13.044465991360415,80.13281971292074,28,0,3,1,Danger Zone
13.181335284536713,80.24194732534316,3,1,3,3,Danger Zone
13.035645102529168,80.16686156373929,5,1,2,1,Danger Zone
12.92542745134588,80.272243114389,6,1,1,2,Safe Zone
